{"GP_Matern52_NoARD": 0.055615770023948193, "GP_RBF_NoARD": 0.055836519938968994, "ratio_baseline": 0.22935058633724401, "GP_Matern32_NoARD": 0.056704600349789601, "GP_Linear_NoARD": 0.12700184154788294, "GP_Linear_ARD": 0.12657613523934033, "GP_RBF_ARD": 0.056755504334628996, "GP_Matern52_ARD": 0.056187362227419449, "GP_Matern32_ARD": 0.055177571823397914}