{"GP_Matern52_NoARD": 53947.636925992978, "GP_RBF_NoARD": 53982.869946851883, "baseline": 132972.416234351, "GP_Matern32_NoARD": 54350.593193538298, "GP_Linear_NoARD": 70262.292512447093, "GP_Linear_ARD": 70200.335242867659, "GP_RBF_ARD": 52807.25757749191, "GP_Matern52_ARD": 52911.532927944696, "GP_Matern32_ARD": 52518.080591912607}