{
  "mse_time": {
    "GP_Matern52_NoARD": 53939.504072976262,
    "GP_RBF_NoARD": 53967.884043298371,
    "baseline": 132972.416234351,
    "GP_Matern32_NoARD": 54185.314110976236,
    "GP_Linear_NoARD": 70243.078828760292,
    "GP_Linear_ARD": 70202.478666032461,
    "GP_RBF_ARD": 52894.791207943934,
    "GP_Matern52_ARD": 52941.445660419173,
    "GP_Matern32_ARD": 52550.152609559605
  },
  "mse_ratio": {
    "GP_Matern52_NoARD": 0.055566465572150392,
    "GP_RBF_NoARD": 0.05581324577583606,
    "ratio_baseline": 0.22935058633724401,
    "GP_Matern32_NoARD": 0.056079204351440898,
    "GP_Linear_NoARD": 0.12770861567184197,
    "GP_Linear_ARD": 0.12639355511858535,
    "GP_RBF_ARD": 0.056764755510423877,
    "GP_Matern52_ARD": 0.056438825585527042,
    "GP_Matern32_ARD": 0.055222999158272723
  }
}
