{"linear_regression": 0.027274975108118965, "GP": 0.031793374493815925, "SVM": 0.033569368467067685, "NN": 0.028408002701298399, "ratio_baseline": 0.089844310380068196}