{"linear_regression": 1606.5057886710529, "SVM": 1250.1582195987808, "baseline": 4170.5571885864001, "NN": 1677.8036706962666, "GP": 1566.2872428414614}