{
  "linear_regression": 54092.015153045002,
  "SVM": 63140.923773493654,
  "baseline": 132972.416234351,
  "NN": 53783.888475963788,
  "GP": 54006.231199768081
}
