{"linear_regression": 0.13479678751872792, "GP": 0.13230670438114878, "SVM": 0.16417187589265775, "NN": 0.14188917195788403, "ratio_baseline": 0.22935058633724401}