{"linear_regression": 107496.31032463897, "SVM": 111128.75265724346, "baseline": 132972.416234351, "NN": 109845.17495581401, "GP": 106594.59868661419}