{"linear_regression": 1291.2893281022123, "SVM": 1381.3975972449371, "baseline": 4170.5571885864001, "NN": 1648.4013167776693, "GP": 1597.3320217315413}