{"linear_regression": 0.030254143883075704, "GP": 0.0323631664055401, "SVM": 0.034131350426281022, "NN": 0.032433816136390389, "ratio_baseline": 0.089844310380068196}