{"linear_regression": 1300.2101753039933, "SVM": 1381.5658965929099, "baseline": 4170.5571885864001, "NN": 1586.3152257704346, "GP": 1597.3318262304954}