{"linear_regression": 0.02925622147437295, "GP": 0.032363164858196222, "SVM": 0.03413510660682105, "NN": 0.032236081882941081, "ratio_baseline": 0.089844310380068196}