,baseline,single_linear_regression,single_SVM,single_NN,single_GP,MTL_GP,multiple_linear_regression,multiple_SVM,multiple_NN,multiple_GP
0,4586.93619479,1182.08779874,693.210160921,1002.49546076,901.803260766,1113.6446022,1213.74056929,1187.52622647,1361.94601725,654.336304176
1,4323.02792488,1958.70815062,2137.87913614,2038.48063748,2099.00337459,1819.96971053,1589.30855325,2090.96431624,1552.73108335,1748.42887996
2,5797.1151723,2243.29787908,2340.07059717,3131.55703843,2438.54767859,2786.70323063,2155.51753116,2107.23012276,2324.97699689,2274.45580074
3,6139.98698918,1378.2641756,1997.3182433,1447.69117908,1352.6212947,1414.76829729,990.191333892,1285.40620799,1004.88856727,1028.43198046
4,5896.33401481,1215.87605498,1226.44446712,1474.92803404,1039.90521607,1083.47251682,993.775073395,942.186953579,944.911665279,959.252154811
