,baseline,single_linear_regression,single_SVM,single_NN,single_GP,MTL_GP,multiple_linear_regression,multiple_SVM,multiple_NN,multiple_GP
0,0.0507763589301,0.0139374932694,0.0161522892123,0.0161151843637,0.0162103142417,0.0184674080996,0.0195484343835,0.0169108878046,0.0177968457285,0.020040771224
1,0.134506825326,0.0788262183967,0.0654423687066,0.0648621647106,0.0614792068461,0.0831752872451,0.0813187457403,0.0699722815969,0.0824540988332,0.073167967425
2,0.0935958148921,0.0371832186319,0.0407790435849,0.143890343342,0.0393028520726,0.0481508099077,0.0394091771102,0.039312499937,0.0439507457532,0.0368462519714
3,0.109068978635,0.027179676364,0.0353797083742,0.0286239493441,0.0300566503419,0.0317520955419,0.0260853179359,0.034932117263,0.0260886915457,0.0290703389544
4,0.0534980656425,0.0200807981392,0.0189631858551,0.0178790702379,0.0169139184188,0.0168461190772,0.0175664045042,0.0192976460282,0.0156907477646,0.0187259282199
