{"linear_regression": 0.061761456519962295, "GP": 0.060675613299145163, "SVM": 0.069008273728800418, "NN": 0.060651288009033619, "ratio_baseline": 0.22935058633724401}