{"linear_regression": 54673.181760400788, "SVM": 60639.779627997224, "baseline": 132972.416234351, "NN": 54683.695788520978, "GP": 54671.83374504315}