{"linear_regression": 1619.3233752484628, "SVM": 1267.9097654078473, "baseline": 4170.5571885864001, "NN": 1701.0846144688746, "GP": 1566.317898407618}