{"linear_regression": 0.027237163534369245, "GP": 0.031792400212295589, "SVM": 0.033634661709758006, "NN": 0.028413219059683519, "ratio_baseline": 0.089844310380068196}