{
  "random_sample": {
    "time_result": {
      "linear_regression": 54092.015153045002,
      "SVM": 63140.923773493654,
      "baseline": 132972.416234351,
      "NN": 53783.888475963788,
      "GP": 54006.231199768081
    },
    "ratio_result": {
      "linear_regression": 0.057017118564345194,
      "GP": 0.056027427171423796,
      "SVM": 0.07196385868614591,
      "NN": 0.055746908608012118,
      "ratio_baseline": 0.22935058633724401
    }
  },
  "sanity_check": {
    "time_result": {
      "linear_regression": 45849.462861009481,
      "SVM": 53832.825933910033,
      "baseline": 129423.80806964783,
      "NN": 46273.324160785611,
      "GP": 46121.028824264067
    },
    "ratio_result": {
      "linear_regression": 0.051513973339795245,
      "GP": 0.049072150197090311,
      "SVM": 0.062127556976939689,
      "NN": 0.048966449111733847,
      "ratio_baseline": 0.20652037930767098
    }
  }
}
