{
  "weather": {
    "mse_ratio": {
      "linear_regression": 0.056780568359934801,
      "GP": 0.056699194270666872,
      "SVM": 0.070372078964135554,
      "NN": 0.054444434228512348,
      "ratio_baseline": 0.22935058633724401
    },
    "mse_time": {
      "linear_regression": 54249.509248171482,
      "SVM": 61916.276076734131,
      "baseline": 132972.416234351,
      "NN": 53207.541000842801,
      "GP": 53942.929172328819
    }
  },
  "rush_hour": {
    "mse_ratio": {
      "linear_regression": 0.059456564580956613,
      "GP": 0.057932885721375303,
      "SVM": 0.070435442562948994,
      "NN": 0.058290096772898245,
      "ratio_baseline": 0.22935058633724401
    },
    "mse_time": {
      "linear_regression": 54940.513822819747,
      "SVM": 61942.901152808881,
      "baseline": 132972.416234351,
      "NN": 54776.43358797027,
      "GP": 54714.120588821293
    }
  },
  "baseline_result": {
    "mse_ratio": {
      "linear_regression": 0.13536267324781781,
      "GP": 0.1309332105950804,
      "SVM": 0.16478350612024567,
      "NN": 0.14214451032021236,
      "ratio_baseline": 0.22935058633724401
    },
    "mse_time": {
      "linear_regression": 107810.07947509324,
      "SVM": 110986.85262504223,
      "baseline": 132972.416234351,
      "NN": 109924.01943564866,
      "GP": 106065.98907349573
    }
  },
  "ratio_current_trip": {
    "mse_ratio": {
      "linear_regression": 0.057016531207466088,
      "GP": 0.056006950682935534,
      "SVM": 0.070486809913624368,
      "NN": 0.055764911836640646,
      "ratio_baseline": 0.22935058633724401
    },
    "mse_time": {
      "linear_regression": 54091.050993352488,
      "SVM": 61919.092267491345,
      "baseline": 132972.416234351,
      "NN": 53804.946967905475,
      "GP": 54000.490824848355
    }
  },
  "ratio_prev_trip": {
    "mse_ratio": {
      "linear_regression": 0.057016531207466088,
      "GP": 0.05620556702798269,
      "SVM": 0.070486809913624368,
      "NN": 0.055711364083424461,
      "ratio_baseline": 0.22935058633724401
    },
    "mse_time": {
      "linear_regression": 54091.050993352488,
      "SVM": 61919.092267491345,
      "baseline": 132972.416234351,
      "NN": 53968.209423445369,
      "GP": 54027.32385609507
    }
  },
  "pre_arrival_time": {
    "mse_ratio": {
      "linear_regression": 0.16511085663037234,
      "GP": 0.11923398214433954,
      "SVM": 0.16405871928295526,
      "NN": 0.12683333765536808,
      "ratio_baseline": 0.22935058633724401
    },
    "mse_time": {
      "linear_regression": 104186.09881389205,
      "SVM": 111051.59515904503,
      "baseline": 132972.416234351,
      "NN": 103833.91646964414,
      "GP": 101915.70137434494
    }
  }
}
