{"linear_regression": 0.13450409583999093, "GP": 0.13045689454672649, "SVM": 0.16489416024146591, "NN": 0.11352471254219317, "ratio_baseline": 0.22935058633724401}