{"linear_regression": 107758.44673101035, "SVM": 111002.56322587236, "baseline": 132972.416234351, "NN": 91706.552353632593, "GP": 105996.81466640977}