{"linear_regression": 0.059457378470786908, "GP": 0.058232738449873638, "SVM": 0.069007326920152587, "NN": 0.061293138051749033, "ratio_baseline": 0.22935058633724401}