{"linear_regression": 54940.840020938333, "SVM": 60671.574569844481, "baseline": 132972.416234351, "NN": 54920.617861587998, "GP": 54655.664086267934}