{"linear_regression": 1619.1968302520411, "SVM": 1268.2813464047508, "baseline": 4170.5571885864001, "NN": 1750.7598491813371, "GP": 1566.5393085975536}