{"linear_regression": 0.027228650388181525, "GP": 0.031797713104148688, "SVM": 0.033644631269686719, "NN": 0.028075979164401448, "ratio_baseline": 0.089844310380068196}