{"linear_regression": 89919.011424686527, "SVM": 96458.613360335818, "baseline": 132972.416234351, "NN": 88314.75496055749, "GP": 89468.017106002095}