{"linear_regression": 0.11182560464011126, "GP": 0.11122395513453602, "SVM": 0.13585090165002403, "NN": 0.11021961089037217, "ratio_baseline": 0.22935058633724401}