{"linear_regression": 1300.2101753039933, "SVM": 1381.6809846803337, "baseline": 4170.5571885864001, "NN": 1619.4866216824732, "GP": 1597.3319488455338}