{"linear_regression": 0.02925622147437295, "GP": 0.03236316607097002, "SVM": 0.034137676290221519, "NN": 0.032325522577757559, "ratio_baseline": 0.089844310380068196}