{"linear_regression": 54940.513822819747, "SVM": 61942.901152808881, "baseline": 132972.416234351, "NN": 54776.43358797027, "GP": 54714.120588821293}