{"linear_regression": 0.059456564580956613, "GP": 0.057932885721375303, "SVM": 0.070435442562948994, "NN": 0.058290096772898245, "ratio_baseline": 0.22935058633724401}