{"linear_regression": 1394.022270958583, "SVM": 1381.2553543004251, "baseline": 4170.5571885864001, "NN": 1597.7851210437259, "GP": 1597.3306838816873}