{"linear_regression": 0.031156273440367508, "GP": 0.032363094130216243, "SVM": 0.034130541163470127, "NN": 0.03230206264556415, "ratio_baseline": 0.089844310380068196}