{"linear_regression": 0.031156273440367508, "GP": 0.032363168560120927, "SVM": 0.034130541163470127, "NN": 0.032269799889274843, "ratio_baseline": 0.089844310380068196}