{"linear_regression": 1394.022270958583, "SVM": 1381.2553543004251, "baseline": 4170.5571885864001, "NN": 1610.7965027076082, "GP": 1597.3315864736596}