{"linear_regression": 54940.840020938333, "SVM": 60671.574569844481, "baseline": 132972.416234351, "NN": 54789.198456707665, "GP": 54647.22759919909}