{"linear_regression": 0.059457378470786908, "GP": 0.058256512728602917, "SVM": 0.069007326920152587, "NN": 0.059721833007232404, "ratio_baseline": 0.22935058633724401}