{"linear_regression": 0.030254143883075704, "GP": 0.03236316364643349, "SVM": 0.034131350426281022, "NN": 0.032329933948207525, "ratio_baseline": 0.089844310380068196}