{"linear_regression": 1291.2893281022123, "SVM": 1381.3975972449371, "baseline": 4170.5571885864001, "NN": 1614.4978367034894, "GP": 1597.330756176885}