{"linear_regression": 1315.9938194487204, "SVM": 1381.408466118686, "baseline": 4170.5571885864001, "NN": 1623.1846381170985, "GP": 1597.330886637292}