{"linear_regression": 0.030606619874547689, "GP": 0.032363162424350139, "SVM": 0.03413623303828324, "NN": 0.03236173503463128, "ratio_baseline": 0.089844310380068196}