{
  "linear_regression": 0.057017118564345194,
  "GP": 0.056027427171423796,
  "SVM": 0.07196385868614591,
  "NN": 0.055746908608012118,
  "ratio_baseline": 0.22935058633724401
}
