{"linear_regression": 54249.509248171482, "SVM": 61916.276076734131, "baseline": 132972.416234351, "NN": 53207.541000842801, "GP": 53942.929172328819}