{"linear_regression": 0.056780568359934801, "GP": 0.056699194270666872, "SVM": 0.070372078964135554, "NN": 0.054444434228512348, "ratio_baseline": 0.22935058633724401}