{"linear_regression": 0.12778194619632913, "GP": 0.11782565771937606, "SVM": 0.16421026501885122, "NN": 0.14216566064984421, "ratio_baseline": 0.22935058633724401}