{"linear_regression": 104432.08350970221, "SVM": 111015.15134671651, "baseline": 132972.416234351, "NN": 109920.1637900006, "GP": 101318.75379136702}