{"linear_regression": 1619.1968302520554, "SVM": 1267.9612790488347, "baseline": 4170.5571885864001, "NN": 1680.1386778373503, "GP": 1566.5778607322043}