{"linear_regression": 0.027228650388181477, "GP": 0.031798461895411544, "SVM": 0.033637667402881266, "NN": 0.028067819585834913, "ratio_baseline": 0.089844310380068196}