{"linear_regression": 0.16511085663037234, "GP": 0.11923398214433954, "SVM": 0.16405871928295526, "NN": 0.12683333765536808, "ratio_baseline": 0.22935058633724401}