{"linear_regression": 104186.09881389205, "SVM": 111051.59515904503, "baseline": 132972.416234351, "NN": 103833.91646964414, "GP": 101915.70137434494}