{"linear_regression": 1619.3233752484614, "SVM": 1249.9812616068477, "baseline": 4170.5571885864001, "NN": 1771.7149508936384, "GP": 1566.2917597671189}