{"linear_regression": 0.027237163534369176, "GP": 0.031791942472401212, "SVM": 0.033565909842101338, "NN": 0.028437230779029939, "ratio_baseline": 0.089844310380068196}