{"linear_regression": 0.027237163534369245, "GP": 0.031792501207019583, "SVM": 0.033634661709758006, "NN": 0.028433170179681982, "ratio_baseline": 0.089844310380068196}