{"linear_regression": 1619.3233752484628, "SVM": 1267.9097654078473, "baseline": 4170.5571885864001, "NN": 1743.3905552899241, "GP": 1566.3227883578716}