{"linear_regression": 54091.050993352488, "SVM": 61919.092267491345, "baseline": 132972.416234351, "NN": 53968.209423445369, "GP": 54027.32385609507}