{"linear_regression": 0.057016531207466088, "GP": 0.05620556702798269, "SVM": 0.070486809913624368, "NN": 0.055711364083424461, "ratio_baseline": 0.22935058633724401}