{"linear_regression": 54091.050993352488, "SVM": 61919.092267491345, "baseline": 132972.416234351, "NN": 53804.946967905475, "GP": 54000.490824848355}