{"linear_regression": 0.057016531207466088, "GP": 0.056006950682935534, "SVM": 0.070486809913624368, "NN": 0.055764911836640646, "ratio_baseline": 0.22935058633724401}