{"linear_regression": 0.13536267324781781, "GP": 0.1309332105950804, "SVM": 0.16478350612024567, "NN": 0.14214451032021236, "ratio_baseline": 0.22935058633724401}