{"linear_regression": 107810.07947509324, "SVM": 110986.85262504223, "baseline": 132972.416234351, "NN": 109924.01943564866, "GP": 106065.98907349573}