{
  "linear_regression": 0.051513973339795245,
  "GP": 0.049072150197090311,
  "SVM": 0.062127556976939689,
  "NN": 0.048966449111733847,
  "ratio_baseline": 0.20652037930767098
}
