{
  "linear_regression": 45849.462861009481,
  "SVM": 53832.825933910033,
  "baseline": 129423.80806964783,
  "NN": 46273.324160785611,
  "GP": 46121.028824264067
}
