{
  "MTL_GP": 0.071177539800093392,
  "baseline": 0.2143919120002053,
  "single_linear_regression": 0.12267828814559974,
  "single_SVM": 0.062985691811198979,
  "multiple_SVM": 0.064650948194979102,
  "single_NN": 0.073733469578567482,
  "single_GP": 0.04483758819033324,
  "multiple_linear_regression": 0.053742993643922821,
  "multiple_NN": 0.051600397016605723,
  "multiple_GP": 0.050323228568233416
}
