{
  "random_sampling": {
    "ratio": {
      "GP": 0.034031972860161727,
      "ratio_baseline": 0.21781979650148886
    },
    "time": {
      "baseline": 127611.17850152725,
      "GP": 41690.280282431122
    }
  },
  "sanity_check": {
    "ratio": {
      "GP": 0.032801312152779122,
      "ratio_baseline": 0.21219553108900086
    },
    "time": {
      "baseline": 132068.40647258179,
      "GP": 45713.510860102549
    }
  }
}
