{"linear_regression": 0.12479823549617686, "GP": 0.11793277998236788, "SVM": 0.16406732258219622, "NN": 0.12522206562983473, "ratio_baseline": 0.22935058633724401}