{"linear_regression": 104555.33087292049, "SVM": 111100.26951551363, "baseline": 132972.416234351, "NN": 104634.80762513611, "GP": 99805.666345594}