{"linear_regression": 54248.806937264904, "SVM": 60666.609817985736, "baseline": 132972.416234351, "NN": 54156.391050699509, "GP": 54050.567635258216}