{"linear_regression": 0.056778230082536511, "GP": 0.055935886879572017, "SVM": 0.069003805081955624, "NN": 0.055083911523036135, "ratio_baseline": 0.22935058633724401}