{"linear_regression": 1619.3233752484614, "SVM": 1249.9812616068477, "baseline": 4170.5571885864001, "NN": 1754.7408949054845, "GP": 1566.313281434366}