{"linear_regression": 0.033941844331788228, "GP": 0.032363112229886408, "SVM": 0.03388208324198947, "NN": 0.033157518556140166, "ratio_baseline": 0.089844310380068196}