{"linear_regression": 1971.5855559047, "SVM": 1417.9749194377973, "baseline": 4170.5571885864001, "NN": 1860.5963593174959, "GP": 1597.3345839640233}