{"lbfgs": 0.055196917692958598, "sgd": 0.080511497283549394, "adam": 0.058430522167922272, "ratio_baseline": 0.22935058633724401}