{"adam": 55431.272253350842, "sgd": 63035.848177942615, "baseline": 132972.416234351, "lbfgs": 53504.428779786213}