{"linear_regression": 108019.73998603146, "SVM": 111012.72675741339, "baseline": 132972.416234351, "NN": 109907.29390775326, "GP": 105872.73553368033}