{"linear_regression": 0.13586223508503406, "GP": 0.1327496394088338, "SVM": 0.16479939190245027, "NN": 0.14209570876367283, "ratio_baseline": 0.22935058633724401}