{"linear_regression": 54248.806937264904, "SVM": 60666.609817985736, "baseline": 132972.416234351, "NN": 55074.917628668642, "GP": 53992.589720241624}