{"linear_regression": 0.056778230082536511, "GP": 0.055831671667602334, "SVM": 0.069003805081955624, "NN": 0.061191221615695145, "ratio_baseline": 0.22935058633724401}