{"linear_regression": 1606.5057886710399, "SVM": 1268.0165947266948, "baseline": 4170.5571885864001, "NN": 1727.196673694014, "GP": 1566.2772599624748}