{"linear_regression": 0.027274975108118996, "GP": 0.031793186528024008, "SVM": 0.033637140325709629, "NN": 0.028339421588801594, "ratio_baseline": 0.089844310380068196}