{"relu": 56162.443347942361, "tanh": 68393.188760646794, "baseline": 132972.416234351, "identity": 67338.907877840189, "logistic": 78765.844107088546}