{"relu": 0.064286905136094988, "tanh": 0.095239364982479591, "logistic": 0.079485904021219592, "identity": 0.08660657388237053, "ratio_baseline": 0.22935058633724401}