{"linear_regression": 1795.6664087971835, "SVM": 1249.831381379674, "baseline": 4170.5571885864001, "NN": 1506.0489683412088, "GP": 1566.0844771952607}