{"linear_regression": 0.027744577490197101, "GP": 0.031786861105497943, "SVM": 0.033561527969010539, "NN": 0.029328733737564443, "ratio_baseline": 0.089844310380068196}