{"linear_regression": 0.13450409583999093, "GP": 0.13240423967733739, "SVM": 0.16489416024146591, "NN": 0.14205466364903449, "ratio_baseline": 0.22935058633724401}