{"linear_regression": 107758.44673101035, "SVM": 111002.56322587236, "baseline": 132972.416234351, "NN": 109905.91430777074, "GP": 106318.65589923352}