{"linear_regression": 104432.08350970221, "SVM": 111015.15134671651, "baseline": 132972.416234351, "NN": 109900.69989936467, "GP": 102181.41041473128}