{"linear_regression": 0.12778194619632913, "GP": 0.11991681318406018, "SVM": 0.16421026501885122, "NN": 0.14211395051827103, "ratio_baseline": 0.22935058633724401}