{"linear_regression": 1606.6754638649356, "SVM": 1250.0076168826085, "baseline": 4170.5571885864001, "NN": 1749.5383540977773, "GP": 1566.0488300934594}