{"linear_regression": 0.027283414180553682, "GP": 0.031787749584840534, "SVM": 0.033565001711247988, "NN": 0.028260603824242059, "ratio_baseline": 0.089844310380068196}