{"linear_regression": 0.028786820355504259, "GP": 0.032362986428292287, "SVM": 0.034137573146736745, "NN": 0.03230016772989968, "ratio_baseline": 0.089844310380068196}