{"linear_regression": 1355.5611172225776, "SVM": 1381.6662807183081, "baseline": 4170.5571885864001, "NN": 1602.4377851898171, "GP": 1597.2873645057066}