{
  "sanity check": {
    "linear_regression": 0.051513973339795245,
    "GP": 0.04881031862448193,
    "SVM": 0.062127556976939689,
    "NN": 0.049169701545479803,
    "ratio_baseline": 0.20652037930767098
  },
  "random sampling test": {
    "linear_regression": 0.057017118564345194,
    "GP": 0.055861958688288284,
    "SVM": 0.07196385868614591,
    "NN": 0.056503026072472436,
    "ratio_baseline": 0.22935058633724401
  }
}
