{"linear_regression": 0.14157476055918111, "GP": 0.13995011369893054, "SVM": 0.16491129749125202, "NN": 0.14211179702178173, "ratio_baseline": 0.22935058633724401}