{"linear_regression": 109611.95423420417, "SVM": 111033.51656346222, "baseline": 132972.416234351, "NN": 109877.95319714941, "GP": 109866.53518435919}