{"linear_regression": 1315.9938194486763, "SVM": 1381.3479215998177, "baseline": 4170.5571885864001, "NN": 1598.1018811024301, "GP": 1597.3303602743026}