{"linear_regression": 0.030606619874546787, "GP": 0.03236316264115098, "SVM": 0.034133951163612911, "NN": 0.032290804554461268, "ratio_baseline": 0.089844310380068196}