{"linear_regression": 0.027283414180553682, "GP": 0.031787702347292286, "SVM": 0.033565001711247988, "NN": 0.028115872682688257, "ratio_baseline": 0.089844310380068196}