{"linear_regression": 1606.6754638649356, "SVM": 1250.0076168826085, "baseline": 4170.5571885864001, "NN": 1726.9315300288172, "GP": 1566.0463650909755}