{"linear_regression": 55185.907108282365, "SVM": 60676.616279439811, "baseline": 132972.416234351, "NN": 55054.630396731824, "GP": 54790.277640737586}