{"linear_regression": 0.059377349636386773, "GP": 0.058258561617807868, "SVM": 0.068934822257797457, "NN": 0.057888997899241623, "ratio_baseline": 0.22935058633724401}