{"linear_regression": 0.030534531152015952, "GP": 0.032363161771347668, "SVM": 0.034136247968487729, "NN": 0.032352340092779062, "ratio_baseline": 0.089844310380068196}