{"linear_regression": 1292.6187387492114, "SVM": 1381.4096959335111, "baseline": 4170.5571885864001, "NN": 1618.3464582461595, "GP": 1597.330715671726}